2θ (°),I (count),σ (count),,
2.000,220,14.8,,
2.015,225,15.0,,
2.030,215,14.7,,
2.045,228,15.1,,
2.060,241,15.5,,
2.075,230,15.2,,
2.090,219,14.8,,
2.105,244,15.6,,
2.120,240,15.5,,
2.135,228,15.1,,
2.150,234,15.3,,
2.165,245,15.7,,
2.180,223,14.9,,
2.195,257,16.0,,
2.210,259,16.1,,
2.225,252,15.9,,
2.240,259,16.1,,
2.255,229,15.1,,
2.270,269,16.4,,
2.285,265,16.3,,
2.300,270,16.4,,
2.315,271,16.5,,
2.330,248,15.7,,
2.345,257,16.0,,
2.360,269,16.4,,
2.375,275,16.6,,
2.390,289,17.0,,
2.405,278,16.7,,
2.420,251,15.8,,
2.435,262,16.2,,
2.450,276,16.6,,
2.465,267,16.3,,
2.480,275,16.6,,
2.495,283,16.8,,
2.510,290,17.0,,
2.525,285,16.9,,
2.540,275,16.6,,
2.555,304,17.4,,
2.570,295,17.2,,
2.585,285,16.9,,
2.600,291,17.1,,
2.615,313,17.7,,
2.630,316,17.8,,
2.645,331,18.2,,
2.660,329,18.1,,
2.675,330,18.2,,
2.690,306,17.5,,
2.705,321,17.9,,
2.720,314,17.7,,
2.735,308,17.5,,
2.750,321,17.9,,
2.765,333,18.2,,
2.780,329,18.1,,
2.795,315,17.7,,
2.810,301,17.3,,
2.825,328,18.1,,
2.840,331,18.2,,
2.855,333,18.2,,
2.870,315,17.7,,
2.885,329,18.1,,
2.900,324,18.0,,
2.915,333,18.2,,
2.930,317,17.8,,
2.945,326,18.1,,
2.960,353,18.8,,
2.975,329,18.1,,
2.990,335,18.3,,
3.005,337,18.4,,
3.020,331,18.2,,
3.035,341,18.5,,
3.050,330,18.2,,
3.065,345,18.6,,
3.080,335,18.3,,
3.095,354,18.8,,
3.110,353,18.8,,
3.125,347,18.6,,
3.140,373,19.3,,
3.155,383,19.6,,
3.170,346,18.6,,
3.185,352,18.8,,
3.200,341,18.5,,
3.215,349,18.7,,
3.230,367,19.2,,
3.245,379,19.5,,
3.260,351,18.7,,
3.275,328,18.1,,
3.290,356,18.9,,
3.305,360,19.0,,
3.320,368,19.2,,
3.335,368,19.2,,
3.350,373,19.3,,
3.365,367,19.2,,
3.380,345,18.6,,
3.395,361,19.0,,
3.410,359,18.9,,
3.425,374,19.3,,
3.440,395,19.9,,
3.455,381,19.5,,
3.470,365,19.1,,
3.485,423,20.6,,
3.500,407,20.2,,
3.515,365,19.1,,
3.530,382,19.5,,
3.545,412,20.3,,
3.560,359,18.9,,
3.575,379,19.5,,
3.590,373,19.3,,
3.605,408,20.2,,
3.620,380,19.5,,
3.635,381,19.5,,
3.650,368,19.2,,
3.665,398,19.9,,
3.680,393,19.8,,
3.695,389,19.7,,
3.710,385,19.6,,
3.725,410,20.2,,
3.740,427,20.7,,
3.755,421,20.5,,
3.770,363,19.1,,
3.785,392,19.8,,
3.800,432,20.8,,
3.815,383,19.6,,
3.830,392,19.8,,
3.845,398,19.9,,
3.860,415,20.4,,
3.875,405,20.1,,
3.890,424,20.6,,
3.905,404,20.1,,
3.920,402,20.0,,
3.935,411,20.3,,
3.950,397,19.9,,
3.965,407,20.2,,
3.980,413,20.3,,
3.995,423,20.6,,
4.010,413,20.3,,
4.025,395,19.9,,
4.040,418,20.4,,
4.055,405,20.1,,
4.070,412,20.3,,
4.085,397,19.9,,
4.100,379,19.5,,
4.115,401,20.0,,
4.130,396,19.9,,
4.145,414,20.3,,
4.160,403,20.1,,
4.175,416,20.4,,
4.190,414,20.3,,
4.205,405,20.1,,
4.220,426,20.6,,
4.235,413,20.3,,
4.250,396,19.9,,
4.265,383,19.6,,
4.280,408,20.2,,
4.295,423,20.6,,
4.310,373,19.3,,
4.325,430,20.7,,
4.340,418,20.4,,
4.355,403,20.1,,
4.370,409,20.2,,
4.385,405,20.1,,
4.400,441,21.0,,
4.415,417,20.4,,
4.430,437,20.9,,
4.445,442,21.0,,
4.460,443,21.0,,
4.475,424,20.6,,
4.490,432,20.8,,
4.505,420,20.5,,
4.520,429,20.7,,
4.535,466,21.6,,
4.550,464,21.5,,
4.565,420,20.5,,
4.580,417,20.4,,
4.595,400,20.0,,
4.610,423,20.6,,
4.625,440,21.0,,
4.640,432,20.8,,
4.655,397,19.9,,
4.670,439,21.0,,
4.685,436,20.9,,
4.700,417,20.4,,
4.715,458,21.4,,
4.730,430,20.7,,
4.745,427,20.7,,
4.760,436,20.9,,
4.775,437,20.9,,
4.790,445,21.1,,
4.805,442,21.0,,
4.820,422,20.5,,
4.835,456,21.4,,
4.850,442,21.0,,
4.865,426,20.6,,
4.880,435,20.9,,
4.895,425,20.6,,
4.910,453,21.3,,
4.925,439,21.0,,
4.940,433,20.8,,
4.955,424,20.6,,
4.970,444,21.1,,
4.985,446,21.1,,
5.000,444,21.1,,
5.015,452,21.3,,
5.030,440,21.0,,
5.045,432,20.8,,
5.060,426,20.6,,
5.075,426,20.6,,
5.090,460,21.4,,
5.105,458,21.4,,
5.120,478,21.9,,
5.135,461,21.5,,
5.150,461,21.5,,
5.165,422,20.5,,
5.180,442,21.0,,
5.195,455,21.3,,
5.210,435,20.9,,
5.225,445,21.1,,
5.240,447,21.1,,
5.255,457,21.4,,
5.270,443,21.0,,
5.285,438,20.9,,
5.300,456,21.4,,
5.315,447,21.1,,
5.330,442,21.0,,
5.345,441,21.0,,
5.360,447,21.1,,
5.375,448,21.2,,
5.390,435,20.9,,
5.405,460,21.4,,
5.420,465,21.6,,
5.435,500,22.4,,
5.450,499,22.3,,
5.465,449,21.2,,
5.480,475,21.8,,
5.495,473,21.7,,
5.510,463,21.5,,
5.525,460,21.4,,
5.540,450,21.2,,
5.555,459,21.4,,
5.570,445,21.1,,
5.585,444,21.1,,
5.600,457,21.4,,
5.615,476,21.8,,
5.630,480,21.9,,
5.645,479,21.9,,
5.660,429,20.7,,
5.675,444,21.1,,
5.690,439,21.0,,
5.705,446,21.1,,
5.720,489,22.1,,
5.735,479,21.9,,
5.750,460,21.4,,
5.765,468,21.6,,
5.780,456,21.4,,
5.795,480,21.9,,
5.810,467,21.6,,
5.825,456,21.4,,
5.840,496,22.3,,
5.855,493,22.2,,
5.870,466,21.6,,
5.885,466,21.6,,
5.900,464,21.5,,
5.915,477,21.8,,
5.930,475,21.8,,
5.945,478,21.9,,
5.960,459,21.4,,
5.975,450,21.2,,
5.990,473,21.7,,
6.005,489,22.1,,
6.020,474,21.8,,
6.035,449,21.2,,
6.050,468,21.6,,
6.065,469,21.7,,
6.080,478,21.9,,
6.095,466,21.6,,
6.110,431,20.8,,
6.125,448,21.2,,
6.140,482,22.0,,
6.155,455,21.3,,
6.170,484,22.0,,
6.185,469,21.7,,
6.200,464,21.5,,
6.215,475,21.8,,
6.230,441,21.0,,
6.245,494,22.2,,
6.260,489,22.1,,
6.275,446,21.1,,
6.290,459,21.4,,
6.305,487,22.1,,
6.320,473,21.7,,
6.335,509,22.6,,
6.350,499,22.3,,
6.365,470,21.7,,
6.380,459,21.4,,
6.395,466,21.6,,
6.410,460,21.4,,
6.425,449,21.2,,
6.440,459,21.4,,
6.455,472,21.7,,
6.470,471,21.7,,
6.485,453,21.3,,
6.500,467,21.6,,
6.515,461,21.5,,
6.530,455,21.3,,
6.545,440,21.0,,
6.560,473,21.7,,
6.575,526,22.9,,
6.590,505,22.5,,
6.605,451,21.2,,
6.620,461,21.5,,
6.635,480,21.9,,
6.650,502,22.4,,
6.665,474,21.8,,
6.680,471,21.7,,
6.695,457,21.4,,
6.710,442,21.0,,
6.725,481,21.9,,
6.740,440,21.0,,
6.755,456,21.4,,
6.770,452,21.3,,
6.785,458,21.4,,
6.800,444,21.1,,
6.815,474,21.8,,
6.830,493,22.2,,
6.845,461,21.5,,
6.860,434,20.8,,
6.875,469,21.7,,
6.890,481,21.9,,
6.905,436,20.9,,
6.920,425,20.6,,
6.935,468,21.6,,
6.950,466,21.6,,
6.965,460,21.4,,
6.980,436,20.9,,
6.995,449,21.2,,
7.010,474,21.8,,
7.025,468,21.6,,
7.040,456,21.4,,
7.055,467,21.6,,
7.070,429,20.7,,
7.085,469,21.7,,
7.100,479,21.9,,
7.115,486,22.0,,
7.130,480,21.9,,
7.145,478,21.9,,
7.160,467,21.6,,
7.175,467,21.6,,
7.190,476,21.8,,
7.205,473,21.7,,
7.220,464,21.5,,
7.235,448,21.2,,
7.250,446,21.1,,
7.265,422,20.5,,
7.280,447,21.1,,
7.295,468,21.6,,
7.310,420,20.5,,
7.325,433,20.8,,
7.340,482,22.0,,
7.355,483,22.0,,
7.370,475,21.8,,
7.385,464,21.5,,
7.400,455,21.3,,
7.415,483,22.0,,
7.430,494,22.2,,
7.445,467,21.6,,
7.460,437,20.9,,
7.475,477,21.8,,
7.490,512,22.6,,
7.505,449,21.2,,
7.520,475,21.8,,
7.535,492,22.2,,
7.550,456,21.4,,
7.565,444,21.1,,
7.580,476,21.8,,
7.595,467,21.6,,
7.610,469,21.7,,
7.625,491,22.2,,
7.640,455,21.3,,
7.655,483,22.0,,
7.670,504,22.4,,
7.685,473,21.7,,
7.700,456,21.4,,
7.715,475,21.8,,
7.730,479,21.9,,
7.745,454,21.3,,
7.760,453,21.3,,
7.775,463,21.5,,
7.790,465,21.6,,
7.805,469,21.7,,
7.820,473,21.7,,
7.835,480,21.9,,
7.850,462,21.5,,
7.865,463,21.5,,
7.880,451,21.2,,
7.895,476,21.8,,
7.910,466,21.6,,
7.925,452,21.3,,
7.940,439,21.0,,
7.955,419,20.5,,
7.970,467,21.6,,
7.985,471,21.7,,
8.000,456,21.4,,
8.015,444,21.1,,
8.030,471,21.7,,
8.045,494,22.2,,
8.060,461,21.5,,
8.075,451,21.2,,
8.090,442,21.0,,
8.105,455,21.3,,
8.120,460,21.4,,
8.135,455,21.3,,
8.150,509,22.6,,
8.165,503,22.4,,
8.180,451,21.2,,
8.195,447,21.1,,
8.210,448,21.2,,
8.225,489,22.1,,
8.240,460,21.4,,
8.255,462,21.5,,
8.270,439,21.0,,
8.285,444,21.1,,
8.300,436,20.9,,
8.315,455,21.3,,
8.330,457,21.4,,
8.345,455,21.3,,
8.360,464,21.5,,
8.375,433,20.8,,
8.390,429,20.7,,
8.405,434,20.8,,
8.420,450,21.2,,
8.435,464,21.5,,
8.450,481,21.9,,
8.465,466,21.6,,
8.480,529,23.0,,
8.495,492,22.2,,
8.510,480,21.9,,
8.525,460,21.4,,
8.540,458,21.4,,
8.555,472,21.7,,
8.570,456,21.4,,
8.585,467,21.6,,
8.600,465,21.6,,
8.615,511,22.6,,
8.630,510,22.6,,
8.645,492,22.2,,
8.660,478,21.9,,
8.675,482,22.0,,
8.690,463,21.5,,
8.705,526,22.9,,
8.720,571,23.9,,
8.735,575,24.0,,
8.750,580,24.1,,
8.765,596,24.4,,
8.780,645,25.4,,
8.795,690,26.3,,
8.810,755,27.5,,
8.825,779,27.9,,
8.840,755,27.5,,
8.855,665,25.8,,
8.870,533,23.1,,
8.885,471,21.7,,
8.900,462,21.5,,
8.915,452,21.3,,
8.930,449,21.2,,
8.945,457,21.4,,
8.960,445,21.1,,
8.975,447,21.1,,
8.990,428,20.7,,
9.005,447,21.1,,
9.020,479,21.9,,
9.035,449,21.2,,
9.050,451,21.2,,
9.065,481,21.9,,
9.080,480,21.9,,
9.095,458,21.4,,
9.110,452,21.3,,
9.125,438,20.9,,
9.140,446,21.1,,
9.155,423,20.6,,
9.170,464,21.5,,
9.185,467,21.6,,
9.200,462,21.5,,
9.215,422,20.5,,
9.230,431,20.8,,
9.245,467,21.6,,
9.260,451,21.2,,
9.275,407,20.2,,
9.290,454,21.3,,
9.305,450,21.2,,
9.320,446,21.1,,
9.335,476,21.8,,
9.350,434,20.8,,
9.365,449,21.2,,
9.380,432,20.8,,
9.395,451,21.2,,
9.410,464,21.5,,
9.425,443,21.0,,
9.440,439,21.0,,
9.455,451,21.2,,
9.470,459,21.4,,
9.485,434,20.8,,
9.500,426,20.6,,
9.515,434,20.8,,
9.530,452,21.3,,
9.545,435,20.9,,
9.560,412,20.3,,
9.575,420,20.5,,
9.590,424,20.6,,
9.605,421,20.5,,
9.620,414,20.3,,
9.635,434,20.8,,
9.650,424,20.6,,
9.665,416,20.4,,
9.680,413,20.3,,
9.695,398,19.9,,
9.710,396,19.9,,
9.725,424,20.6,,
9.740,418,20.4,,
9.755,451,21.2,,
9.770,450,21.2,,
9.785,400,20.0,,
9.800,421,20.5,,
9.815,431,20.8,,
9.830,429,20.7,,
9.845,406,20.1,,
9.860,413,20.3,,
9.875,424,20.6,,
9.890,440,21.0,,
9.905,421,20.5,,
9.920,425,20.6,,
9.935,428,20.7,,
9.950,474,21.8,,
9.965,445,21.1,,
9.980,420,20.5,,
9.995,439,21.0,,
10.010,418,20.4,,
10.025,421,20.5,,
10.040,410,20.2,,
10.055,423,20.6,,
10.070,437,20.9,,
10.085,433,20.8,,
10.100,441,21.0,,
10.115,444,21.1,,
10.130,428,20.7,,
10.145,431,20.8,,
10.160,438,20.9,,
10.175,397,19.9,,
10.190,419,20.5,,
10.205,454,21.3,,
10.220,406,20.1,,
10.235,420,20.5,,
10.250,421,20.5,,
10.265,436,20.9,,
10.280,425,20.6,,
10.295,433,20.8,,
10.310,410,20.2,,
10.325,402,20.0,,
10.340,397,19.9,,
10.355,427,20.7,,
10.370,413,20.3,,
10.385,424,20.6,,
10.400,406,20.1,,
10.415,430,20.7,,
10.430,423,20.6,,
10.445,415,20.4,,
10.460,446,21.1,,
10.475,419,20.5,,
10.490,424,20.6,,
10.505,419,20.5,,
10.520,416,20.4,,
10.535,416,20.4,,
10.550,423,20.6,,
10.565,407,20.2,,
10.580,405,20.1,,
10.595,414,20.3,,
10.610,430,20.7,,
10.625,437,20.9,,
10.640,416,20.4,,
10.655,408,20.2,,
10.670,430,20.7,,
10.685,426,20.6,,
10.700,396,19.9,,
10.715,400,20.0,,
10.730,416,20.4,,
10.745,431,20.8,,
10.760,427,20.7,,
10.775,420,20.5,,
10.790,430,20.7,,
10.805,429,20.7,,
10.820,412,20.3,,
10.835,426,20.6,,
10.850,418,20.4,,
10.865,420,20.5,,
10.880,397,19.9,,
10.895,393,19.8,,
10.910,401,20.0,,
10.925,435,20.9,,
10.940,422,20.5,,
10.955,432,20.8,,
10.970,449,21.2,,
10.985,398,19.9,,
11.000,412,20.3,,
11.015,412,20.3,,
11.030,385,19.6,,
11.045,392,19.8,,
11.060,407,20.2,,
11.075,399,20.0,,
11.090,416,20.4,,
11.105,410,20.2,,
11.120,405,20.1,,
11.135,391,19.8,,
11.150,391,19.8,,
11.165,434,20.8,,
11.180,411,20.3,,
11.195,390,19.7,,
11.210,388,19.7,,
11.225,423,20.6,,
11.240,407,20.2,,
11.255,408,20.2,,
11.270,408,20.2,,
11.285,421,20.5,,
11.300,385,19.6,,
11.315,426,20.6,,
11.330,411,20.3,,
11.345,397,19.9,,
11.360,399,20.0,,
11.375,427,20.7,,
11.390,429,20.7,,
11.405,437,20.9,,
11.420,408,20.2,,
11.435,389,19.7,,
11.450,412,20.3,,
11.465,399,20.0,,
11.480,397,19.9,,
11.495,404,20.1,,
11.510,378,19.4,,
11.525,413,20.3,,
11.540,419,20.5,,
11.555,379,19.5,,
11.570,407,20.2,,
11.585,404,20.1,,
11.600,391,19.8,,
11.615,383,19.6,,
11.630,409,20.2,,
11.645,390,19.7,,
11.660,398,19.9,,
11.675,427,20.7,,
11.690,411,20.3,,
11.705,384,19.6,,
11.720,360,19.0,,
11.735,387,19.7,,
11.750,389,19.7,,
11.765,418,20.4,,
11.780,412,20.3,,
11.795,409,20.2,,
11.810,395,19.9,,
11.825,399,20.0,,
11.840,380,19.5,,
11.855,397,19.9,,
11.870,396,19.9,,
11.885,406,20.1,,
11.900,401,20.0,,
11.915,390,19.7,,
11.930,373,19.3,,
11.945,390,19.7,,
11.960,381,19.5,,
11.975,398,19.9,,
11.990,401,20.0,,
12.005,378,19.4,,
12.020,396,19.9,,
12.035,406,20.1,,
12.050,390,19.7,,
12.065,395,19.9,,
12.080,404,20.1,,
12.095,403,20.1,,
12.110,406,20.1,,
12.125,420,20.5,,
12.140,467,21.6,,
12.155,456,21.4,,
12.170,452,21.3,,
12.185,518,22.8,,
12.200,521,22.8,,
12.215,591,24.3,,
12.230,689,26.2,,
12.245,734,27.1,,
12.260,805,28.4,,
12.275,887,29.8,,
12.290,998,31.6,,
12.305,1094,33.1,,
12.320,1246,35.3,,
12.335,1524,39.0,,
12.350,1827,42.7,,
12.365,2213,47.0,,
12.380,2724,52.2,,
12.395,3331,57.7,,
12.410,3818,61.8,,
12.425,3851,62.1,,
12.440,3428,58.5,,
12.455,2528,50.3,,
12.470,1689,41.1,,
12.485,1060,32.6,,
12.500,688,26.2,,
12.515,532,23.1,,
12.530,470,21.7,,
12.545,447,21.1,,
12.560,413,20.3,,
12.575,401,20.0,,
12.590,387,19.7,,
12.605,413,20.3,,
12.620,393,19.8,,
12.635,381,19.5,,
12.650,382,19.5,,
12.665,401,20.0,,
12.680,379,19.5,,
12.695,388,19.7,,
12.710,376,19.4,,
12.725,390,19.7,,
12.740,366,19.1,,
12.755,402,20.0,,
12.770,389,19.7,,
12.785,402,20.0,,
12.800,372,19.3,,
12.815,358,18.9,,
12.830,354,18.8,,
12.845,351,18.7,,
12.860,377,19.4,,
12.875,414,20.3,,
12.890,396,19.9,,
12.905,369,19.2,,
12.920,373,19.3,,
12.935,399,20.0,,
12.950,381,19.5,,
12.965,366,19.1,,
12.980,369,19.2,,
12.995,363,19.1,,
13.010,390,19.7,,
13.025,377,19.4,,
13.040,413,20.3,,
13.055,369,19.2,,
13.070,360,19.0,,
13.085,331,18.2,,
13.100,339,18.4,,
13.115,356,18.9,,
13.130,366,19.1,,
13.145,406,20.1,,
13.160,350,18.7,,
13.175,375,19.4,,
13.190,400,20.0,,
13.205,400,20.0,,
13.220,367,19.2,,
13.235,344,18.5,,
13.250,346,18.6,,
13.265,367,19.2,,
13.280,358,18.9,,
13.295,365,19.1,,
13.310,384,19.6,,
13.325,339,18.4,,
13.340,376,19.4,,
13.355,360,19.0,,
13.370,358,18.9,,
13.385,357,18.9,,
13.400,351,18.7,,
13.415,359,18.9,,
13.430,384,19.6,,
13.445,352,18.8,,
13.460,361,19.0,,
13.475,362,19.0,,
13.490,331,18.2,,
13.505,348,18.7,,
13.520,378,19.4,,
13.535,361,19.0,,
13.550,359,18.9,,
13.565,353,18.8,,
13.580,343,18.5,,
13.595,343,18.5,,
13.610,332,18.2,,
13.625,376,19.4,,
13.640,365,19.1,,
13.655,371,19.3,,
13.670,340,18.4,,
13.685,383,19.6,,
13.700,333,18.2,,
13.715,372,19.3,,
13.730,360,19.0,,
13.745,348,18.7,,
13.760,340,18.4,,
13.775,348,18.7,,
13.790,355,18.8,,
13.805,379,19.5,,
13.820,341,18.5,,
13.835,361,19.0,,
13.850,373,19.3,,
13.865,320,17.9,,
13.880,343,18.5,,
13.895,362,19.0,,
13.910,376,19.4,,
13.925,351,18.7,,
13.940,349,18.7,,
13.955,358,18.9,,
13.970,327,18.1,,
13.985,337,18.4,,
14.000,330,18.2,,
14.015,346,18.6,,
14.030,361,19.0,,
14.045,361,19.0,,
14.060,359,18.9,,
14.075,349,18.7,,
14.090,384,19.6,,
14.105,346,18.6,,
14.120,346,18.6,,
14.135,313,17.7,,
14.150,342,18.5,,
14.165,334,18.3,,
14.180,350,18.7,,
14.195,360,19.0,,
14.210,368,19.2,,
14.225,343,18.5,,
14.240,361,19.0,,
14.255,364,19.1,,
14.270,346,18.6,,
14.285,348,18.7,,
14.300,345,18.6,,
14.315,351,18.7,,
14.330,340,18.4,,
14.345,367,19.2,,
14.360,390,19.7,,
14.375,328,18.1,,
14.390,321,17.9,,
14.405,327,18.1,,
14.420,343,18.5,,
14.435,345,18.6,,
14.450,334,18.3,,
14.465,341,18.5,,
14.480,351,18.7,,
14.495,373,19.3,,
14.510,375,19.4,,
14.525,364,19.1,,
14.540,355,18.8,,
14.555,360,19.0,,
14.570,363,19.1,,
14.585,345,18.6,,
14.600,360,19.0,,
14.615,375,19.4,,
14.630,380,19.5,,
14.645,367,19.2,,
14.660,326,18.1,,
14.675,350,18.7,,
14.690,337,18.4,,
14.705,335,18.3,,
14.720,346,18.6,,
14.735,329,18.1,,
14.750,333,18.2,,
14.765,355,18.8,,
14.780,373,19.3,,
14.795,356,18.9,,
14.810,355,18.8,,
14.825,340,18.4,,
14.840,348,18.7,,
14.855,361,19.0,,
14.870,352,18.8,,
14.885,371,19.3,,
14.900,339,18.4,,
14.915,384,19.6,,
14.930,364,19.1,,
14.945,363,19.1,,
14.960,374,19.3,,
14.975,404,20.1,,
14.990,400,20.0,,
15.005,442,21.0,,
15.020,471,21.7,,
15.035,530,23.0,,
15.050,601,24.5,,
15.065,705,26.6,,
15.080,774,27.8,,
15.095,932,30.5,,
15.110,1139,33.7,,
15.125,1375,37.1,,
15.140,1655,40.7,,
15.155,2014,44.9,,
15.170,2531,50.3,,
15.185,3209,56.6,,
15.200,4130,64.3,,
15.215,5285,72.7,,
15.230,6520,80.7,,
15.245,7284,85.3,,
15.260,7066,84.1,,
15.275,5971,77.3,,
15.290,4242,65.1,,
15.305,2663,51.6,,
15.320,1593,39.9,,
15.335,1021,32.0,,
15.350,739,27.2,,
15.365,566,23.8,,
15.380,456,21.4,,
15.395,441,21.0,,
15.410,413,20.3,,
15.425,412,20.3,,
15.440,384,19.6,,
15.455,356,18.9,,
15.470,374,19.3,,
15.485,357,18.9,,
15.500,342,18.5,,
15.515,344,18.5,,
15.530,326,18.1,,
15.545,350,18.7,,
15.560,354,18.8,,
15.575,336,18.3,,
15.590,351,18.7,,
15.605,336,18.3,,
15.620,352,18.8,,
15.635,339,18.4,,
15.650,292,17.1,,
15.665,327,18.1,,
15.680,320,17.9,,
15.695,316,17.8,,
15.710,343,18.5,,
15.725,337,18.4,,
15.740,315,17.7,,
15.755,313,17.7,,
15.770,348,18.7,,
15.785,336,18.3,,
15.800,324,18.0,,
15.815,303,17.4,,
15.830,305,17.5,,
15.845,334,18.3,,
15.860,340,18.4,,
15.875,309,17.6,,
15.890,333,18.2,,
15.905,319,17.9,,
15.920,313,17.7,,
15.935,320,17.9,,
15.950,348,18.7,,
15.965,317,17.8,,
15.980,336,18.3,,
15.995,326,18.1,,
16.010,323,18.0,,
16.025,312,17.7,,
16.040,325,18.0,,
16.055,311,17.6,,
16.070,316,17.8,,
16.085,337,18.4,,
16.100,332,18.2,,
16.115,332,18.2,,
16.130,339,18.4,,
16.145,315,17.7,,
16.160,330,18.2,,
16.175,325,18.0,,
16.190,309,17.6,,
16.205,316,17.8,,
16.220,293,17.1,,
16.235,299,17.3,,
16.250,316,17.8,,
16.265,296,17.2,,
16.280,335,18.3,,
16.295,324,18.0,,
16.310,353,18.8,,
16.325,322,17.9,,
16.340,292,17.1,,
16.355,308,17.5,,
16.370,325,18.0,,
16.385,337,18.4,,
16.400,346,18.6,,
16.415,344,18.5,,
16.430,326,18.1,,
16.445,312,17.7,,
16.460,318,17.8,,
16.475,307,17.5,,
16.490,321,17.9,,
16.505,317,17.8,,
16.520,312,17.7,,
16.535,335,18.3,,
16.550,315,17.7,,
16.565,320,17.9,,
16.580,291,17.1,,
16.595,323,18.0,,
16.610,321,17.9,,
16.625,302,17.4,,
16.640,321,17.9,,
16.655,309,17.6,,
16.670,325,18.0,,
16.685,328,18.1,,
16.700,308,17.5,,
16.715,311,17.6,,
16.730,301,17.3,,
16.745,303,17.4,,
16.760,306,17.5,,
16.775,318,17.8,,
16.790,321,17.9,,
16.805,307,17.5,,
16.820,334,18.3,,
16.835,324,18.0,,
16.850,325,18.0,,
16.865,290,17.0,,
16.880,284,16.9,,
16.895,301,17.3,,
16.910,311,17.6,,
16.925,311,17.6,,
16.940,317,17.8,,
16.955,303,17.4,,
16.970,303,17.4,,
16.985,326,18.1,,
17.000,298,17.3,,
17.015,304,17.4,,
17.030,292,17.1,,
17.045,315,17.7,,
17.060,307,17.5,,
17.075,303,17.4,,
17.090,284,16.9,,
17.105,311,17.6,,
17.120,326,18.1,,
17.135,309,17.6,,
17.150,304,17.4,,
17.165,313,17.7,,
17.180,307,17.5,,
17.195,323,18.0,,
17.210,295,17.2,,
17.225,279,16.7,,
17.240,303,17.4,,
17.255,305,17.5,,
17.270,276,16.6,,
17.285,286,16.9,,
17.300,278,16.7,,
17.315,312,17.7,,
17.330,334,18.3,,
17.345,286,16.9,,
17.360,291,17.1,,
17.375,329,18.1,,
17.390,315,17.7,,
17.405,325,18.0,,
17.420,323,18.0,,
17.435,304,17.4,,
17.450,306,17.5,,
17.465,284,16.9,,
17.480,319,17.9,,
17.495,302,17.4,,
17.510,319,17.9,,
17.525,314,17.7,,
17.540,307,17.5,,
17.555,329,18.1,,
17.570,327,18.1,,
17.585,309,17.6,,
17.600,341,18.5,,
17.615,366,19.1,,
17.630,401,20.0,,
17.645,449,21.2,,
17.660,490,22.1,,
17.675,542,23.3,,
17.690,551,23.5,,
17.705,547,23.4,,
17.720,461,21.5,,
17.735,388,19.7,,
17.750,377,19.4,,
17.765,326,18.1,,
17.780,310,17.6,,
17.795,298,17.3,,
17.810,303,17.4,,
17.825,301,17.3,,
17.840,285,16.9,,
17.855,300,17.3,,
17.870,307,17.5,,
17.885,298,17.3,,
17.900,281,16.8,,
17.915,292,17.1,,
17.930,303,17.4,,
17.945,279,16.7,,
17.960,287,16.9,,
17.975,299,17.3,,
17.990,302,17.4,,
18.005,269,16.4,,
18.020,292,17.1,,
18.035,306,17.5,,
18.050,313,17.7,,
18.065,291,17.1,,
18.080,267,16.3,,
18.095,304,17.4,,
18.110,287,16.9,,
18.125,295,17.2,,
18.140,301,17.3,,
18.155,296,17.2,,
18.170,321,17.9,,
18.185,313,17.7,,
18.200,288,17.0,,
18.215,311,17.6,,
18.230,293,17.1,,
18.245,324,18.0,,
18.260,297,17.2,,
18.275,274,16.6,,
18.290,281,16.8,,
18.305,289,17.0,,
18.320,279,16.7,,
18.335,310,17.6,,
18.350,300,17.3,,
18.365,284,16.9,,
18.380,262,16.2,,
18.395,253,15.9,,
18.410,287,16.9,,
18.425,280,16.7,,
18.440,284,16.9,,
18.455,287,16.9,,
18.470,273,16.5,,
18.485,301,17.3,,
18.500,293,17.1,,
18.515,309,17.6,,
18.530,284,16.9,,
18.545,272,16.5,,
18.560,252,15.9,,
18.575,291,17.1,,
18.590,288,17.0,,
18.605,290,17.0,,
18.620,284,16.9,,
18.635,273,16.5,,
18.650,271,16.5,,
18.665,264,16.2,,
18.680,274,16.6,,
18.695,280,16.7,,
18.710,272,16.5,,
18.725,270,16.4,,
18.740,298,17.3,,
18.755,271,16.5,,
18.770,277,16.6,,
18.785,248,15.7,,
18.800,271,16.5,,
18.815,266,16.3,,
18.830,284,16.9,,
18.845,288,17.0,,
18.860,270,16.4,,
18.875,283,16.8,,
18.890,281,16.8,,
18.905,277,16.6,,
18.920,279,16.7,,
18.935,258,16.1,,
18.950,268,16.4,,
18.965,289,17.0,,
18.980,257,16.0,,
18.995,270,16.4,,
19.010,259,16.1,,
19.025,302,17.4,,
19.040,287,16.9,,
19.055,282,16.8,,
19.070,273,16.5,,
19.085,263,16.2,,
19.100,280,16.7,,
19.115,269,16.4,,
19.130,279,16.7,,
19.145,253,15.9,,
19.160,247,15.7,,
19.175,273,16.5,,
19.190,266,16.3,,
19.205,282,16.8,,
19.220,261,16.2,,
19.235,255,16.0,,
19.250,291,17.1,,
19.265,277,16.6,,
19.280,270,16.4,,
19.295,266,16.3,,
19.310,270,16.4,,
19.325,252,15.9,,
19.340,262,16.2,,
19.355,278,16.7,,
19.370,268,16.4,,
19.385,239,15.5,,
19.400,256,16.0,,
19.415,266,16.3,,
19.430,252,15.9,,
19.445,298,17.3,,
19.460,270,16.4,,
19.475,244,15.6,,
19.490,245,15.7,,
19.505,261,16.2,,
19.520,253,15.9,,
19.535,263,16.2,,
19.550,259,16.1,,
19.565,265,16.3,,
19.580,273,16.5,,
19.595,267,16.3,,
19.610,259,16.1,,
19.625,253,15.9,,
19.640,244,15.6,,
19.655,259,16.1,,
19.670,280,16.7,,
19.685,292,17.1,,
19.700,253,15.9,,
19.715,258,16.1,,
19.730,254,15.9,,
19.745,269,16.4,,
19.760,250,15.8,,
19.775,261,16.2,,
19.790,260,16.1,,
19.805,251,15.8,,
19.820,251,15.8,,
19.835,244,15.6,,
19.850,247,15.7,,
19.865,249,15.8,,
19.880,252,15.9,,
19.895,269,16.4,,
19.910,268,16.4,,
19.925,249,15.8,,
19.940,246,15.7,,
19.955,257,16.0,,
19.970,292,17.1,,
19.985,259,16.1,,
20.000,260,16.1,,
20.015,251,15.8,,
20.030,267,16.3,,
20.045,277,16.6,,
20.060,283,16.8,,
20.075,282,16.8,,
20.090,248,15.7,,
20.105,268,16.4,,
20.120,257,16.0,,
20.135,271,16.5,,
20.150,236,15.4,,
20.165,279,16.7,,
20.180,263,16.2,,
20.195,255,16.0,,
20.210,270,16.4,,
20.225,240,15.5,,
20.240,241,15.5,,
20.255,264,16.2,,
20.270,238,15.4,,
20.285,252,15.9,,
20.300,246,15.7,,
20.315,251,15.8,,
20.330,254,15.9,,
20.345,240,15.5,,
20.360,257,16.0,,
20.375,257,16.0,,
20.390,230,15.2,,
20.405,242,15.6,,
20.420,240,15.5,,
20.435,267,16.3,,
20.450,274,16.6,,
20.465,251,15.8,,
20.480,261,16.2,,
20.495,246,15.7,,
20.510,249,15.8,,
20.525,250,15.8,,
20.540,263,16.2,,
20.555,246,15.7,,
20.570,246,15.7,,
20.585,259,16.1,,
20.600,263,16.2,,
20.615,267,16.3,,
20.630,257,16.0,,
20.645,237,15.4,,
20.660,255,16.0,,
20.675,252,15.9,,
20.690,282,16.8,,
20.705,256,16.0,,
20.720,247,15.7,,
20.735,239,15.5,,
20.750,254,15.9,,
20.765,248,15.7,,
20.780,209,14.5,,
20.795,236,15.4,,
20.810,237,15.4,,
20.825,232,15.2,,
20.840,211,14.5,,
20.855,240,15.5,,
20.870,248,15.7,,
20.885,241,15.5,,
20.900,247,15.7,,
20.915,245,15.7,,
20.930,243,15.6,,
20.945,238,15.4,,
20.960,222,14.9,,
20.975,238,15.4,,
20.990,232,15.2,,
21.005,226,15.0,,
21.020,237,15.4,,
21.035,242,15.6,,
21.050,277,16.6,,
21.065,272,16.5,,
21.080,236,15.4,,
21.095,239,15.5,,
21.110,249,15.8,,
21.125,252,15.9,,
21.140,238,15.4,,
21.155,272,16.5,,
21.170,269,16.4,,
21.185,256,16.0,,
21.200,246,15.7,,
21.215,247,15.7,,
21.230,263,16.2,,
21.245,262,16.2,,
21.260,280,16.7,,
21.275,267,16.3,,
21.290,253,15.9,,
21.305,252,15.9,,
21.320,235,15.3,,
21.335,238,15.4,,
21.350,238,15.4,,
21.365,230,15.2,,
21.380,273,16.5,,
21.395,246,15.7,,
21.410,267,16.3,,
21.425,297,17.2,,
21.440,312,17.7,,
21.455,358,18.9,,
21.470,396,19.9,,
21.485,440,21.0,,
21.500,504,22.4,,
21.515,613,24.8,,
21.530,692,26.3,,
21.545,850,29.2,,
21.560,1014,31.8,,
21.575,1172,34.2,,
21.590,1228,35.0,,
21.605,1177,34.3,,
21.620,1077,32.8,,
21.635,972,31.2,,
21.650,910,30.2,,
21.665,808,28.4,,
21.680,700,26.5,,
21.695,606,24.6,,
21.710,501,22.4,,
21.725,400,20.0,,
21.740,356,18.9,,
21.755,322,17.9,,
21.770,268,16.4,,
21.785,254,15.9,,
21.800,276,16.6,,
21.815,269,16.4,,
21.830,239,15.5,,
21.845,240,15.5,,
21.860,248,15.7,,
21.875,239,15.5,,
21.890,239,15.5,,
21.905,255,16.0,,
21.920,226,15.0,,
21.935,254,15.9,,
21.950,247,15.7,,
21.965,244,15.6,,
21.980,246,15.7,,
21.995,242,15.6,,
22.010,238,15.4,,
22.025,248,15.7,,
22.040,238,15.4,,
22.055,247,15.7,,
22.070,245,15.7,,
22.085,245,15.7,,
22.100,239,15.5,,
22.115,246,15.7,,
22.130,248,15.7,,
22.145,231,15.2,,
22.160,223,14.9,,
22.175,244,15.6,,
22.190,247,15.7,,
22.205,214,14.6,,
22.220,211,14.5,,
22.235,247,15.7,,
22.250,224,15.0,,
22.265,234,15.3,,
22.280,244,15.6,,
22.295,253,15.9,,
22.310,237,15.4,,
22.325,244,15.6,,
22.340,230,15.2,,
22.355,233,15.3,,
22.370,206,14.4,,
22.385,228,15.1,,
22.400,241,15.5,,
22.415,234,15.3,,
22.430,229,15.1,,
22.445,221,14.9,,
22.460,235,15.3,,
22.475,227,15.1,,
22.490,221,14.9,,
22.505,228,15.1,,
22.520,228,15.1,,
22.535,203,14.2,,
22.550,220,14.8,,
22.565,229,15.1,,
22.580,213,14.6,,
22.595,225,15.0,,
22.610,223,14.9,,
22.625,223,14.9,,
22.640,225,15.0,,
22.655,236,15.4,,
22.670,221,14.9,,
22.685,221,14.9,,
22.700,230,15.2,,
22.715,235,15.3,,
22.730,221,14.9,,
22.745,215,14.7,,
22.760,217,14.7,,
22.775,204,14.3,,
22.790,217,14.7,,
22.805,217,14.7,,
22.820,218,14.8,,
22.835,232,15.2,,
22.850,234,15.3,,
22.865,222,14.9,,
22.880,217,14.7,,
22.895,222,14.9,,
22.910,231,15.2,,
22.925,239,15.5,,
22.940,206,14.4,,
22.955,209,14.5,,
22.970,232,15.2,,
22.985,224,15.0,,
23.000,220,14.8,,
23.015,250,15.8,,
23.030,240,15.5,,
23.045,241,15.5,,
23.060,225,15.0,,
23.075,235,15.3,,
23.090,228,15.1,,
23.105,227,15.1,,
23.120,245,15.7,,
23.135,223,14.9,,
23.150,206,14.4,,
23.165,231,15.2,,
23.180,226,15.0,,
23.195,227,15.1,,
23.210,229,15.1,,
23.225,259,16.1,,
23.240,292,17.1,,
23.255,297,17.2,,
23.270,317,17.8,,
23.285,391,19.8,,
23.300,450,21.2,,
23.315,513,22.6,,
23.330,597,24.4,,
23.345,619,24.9,,
23.360,661,25.7,,
23.375,579,24.1,,
23.390,564,23.7,,
23.405,507,22.5,,
23.420,393,19.8,,
23.435,320,17.9,,
23.450,288,17.0,,
23.465,279,16.7,,
23.480,247,15.7,,
23.495,211,14.5,,
23.510,219,14.8,,
23.525,227,15.1,,
23.540,243,15.6,,
23.555,213,14.6,,
23.570,201,14.2,,
23.585,201,14.2,,
23.600,232,15.2,,
23.615,215,14.7,,
23.630,234,15.3,,
23.645,221,14.9,,
23.660,214,14.6,,
23.675,184,13.6,,
23.690,212,14.6,,
23.705,250,15.8,,
23.720,247,15.7,,
23.735,228,15.1,,
23.750,239,15.5,,
23.765,214,14.6,,
23.780,202,14.2,,
23.795,202,14.2,,
23.810,195,14.0,,
23.825,205,14.3,,
23.840,209,14.5,,
23.855,204,14.3,,
23.870,228,15.1,,
23.885,200,14.1,,
23.900,201,14.2,,
23.915,200,14.1,,
23.930,238,15.4,,
23.945,226,15.0,,
23.960,208,14.4,,
23.975,223,14.9,,
23.990,227,15.1,,
24.005,230,15.2,,
24.020,236,15.4,,
24.035,226,15.0,,
24.050,216,14.7,,
24.065,210,14.5,,
24.080,192,13.9,,
24.095,211,14.5,,
24.110,217,14.7,,
24.125,214,14.6,,
24.140,200,14.1,,
24.155,204,14.3,,
24.170,212,14.6,,
24.185,203,14.2,,
24.200,208,14.4,,
24.215,196,14.0,,
24.230,207,14.4,,
24.245,213,14.6,,
24.260,208,14.4,,
24.275,210,14.5,,
24.290,212,14.6,,
24.305,189,13.7,,
24.320,203,14.2,,
24.335,202,14.2,,
24.350,203,14.2,,
24.365,207,14.4,,
24.380,201,14.2,,
24.395,210,14.5,,
24.410,207,14.4,,
24.425,211,14.5,,
24.440,204,14.3,,
24.455,214,14.6,,
24.470,202,14.2,,
24.485,189,13.7,,
24.500,209,14.5,,
24.515,213,14.6,,
24.530,235,15.3,,
24.545,202,14.2,,
24.560,218,14.8,,
24.575,208,14.4,,
24.590,200,14.1,,
24.605,188,13.7,,
24.620,193,13.9,,
24.635,206,14.4,,
24.650,205,14.3,,
24.665,199,14.1,,
24.680,201,14.2,,
24.695,209,14.5,,
24.710,207,14.4,,
24.725,191,13.8,,
24.740,215,14.7,,
24.755,218,14.8,,
24.770,188,13.7,,
24.785,206,14.4,,
24.800,234,15.3,,
24.815,245,15.7,,
24.830,276,16.6,,
24.845,270,16.4,,
24.860,289,17.0,,
24.875,288,17.0,,
24.890,321,17.9,,
24.905,376,19.4,,
24.920,465,21.6,,
24.935,542,23.3,,
24.950,613,24.8,,
24.965,638,25.3,,
24.980,642,25.3,,
24.995,643,25.4,,
25.010,567,23.8,,
25.025,445,21.1,,
25.040,371,19.3,,
25.055,336,18.3,,
25.070,272,16.5,,
25.085,257,16.0,,
25.100,235,15.3,,
25.115,206,14.4,,
25.130,190,13.8,,
25.145,194,13.9,,
25.160,193,13.9,,
25.175,192,13.9,,
25.190,221,14.9,,
25.205,197,14.0,,
25.220,200,14.1,,
25.235,192,13.9,,
25.250,179,13.4,,
25.265,180,13.4,,
25.280,182,13.5,,
25.295,201,14.2,,
25.310,198,14.1,,
25.325,200,14.1,,
25.340,205,14.3,,
25.355,198,14.1,,
25.370,196,14.0,,
25.385,198,14.1,,
25.400,191,13.8,,
25.415,193,13.9,,
25.430,188,13.7,,
25.445,198,14.1,,
25.460,202,14.2,,
25.475,184,13.6,,
25.490,181,13.5,,
25.505,175,13.2,,
25.520,215,14.7,,
25.535,196,14.0,,
25.550,207,14.4,,
25.565,167,12.9,,
25.580,196,14.0,,
25.595,185,13.6,,
25.610,193,13.9,,
25.625,202,14.2,,
25.640,194,13.9,,
25.655,204,14.3,,
25.670,178,13.3,,
25.685,190,13.8,,
25.700,189,13.7,,
25.715,192,13.9,,
25.730,205,14.3,,
25.745,176,13.3,,
25.760,168,13.0,,
25.775,169,13.0,,
25.790,196,14.0,,
25.805,189,13.7,,
25.820,209,14.5,,
25.835,188,13.7,,
25.850,188,13.7,,
25.865,176,13.3,,
25.880,183,13.5,,
25.895,169,13.0,,
25.910,186,13.6,,
25.925,192,13.9,,
25.940,182,13.5,,
25.955,193,13.9,,
25.970,195,14.0,,
25.985,184,13.6,,
26.000,194,13.9,,
26.015,188,13.7,,
26.030,170,13.0,,
26.045,176,13.3,,
26.060,206,14.4,,
26.075,188,13.7,,
26.090,201,14.2,,
26.105,213,14.6,,
26.120,199,14.1,,
26.135,207,14.4,,
26.150,190,13.8,,
26.165,193,13.9,,
26.180,173,13.2,,
26.195,159,12.6,,
26.210,189,13.7,,
26.225,177,13.3,,
26.240,180,13.4,,
26.255,195,14.0,,
26.270,204,14.3,,
26.285,195,14.0,,
26.300,186,13.6,,
26.315,203,14.2,,
26.330,194,13.9,,
26.345,208,14.4,,
26.360,255,16.0,,
26.375,260,16.1,,
26.390,267,16.3,,
26.405,298,17.3,,
26.420,359,18.9,,
26.435,435,20.9,,
26.450,544,23.3,,
26.465,731,27.0,,
26.480,892,29.9,,
26.495,1024,32.0,,
26.510,1215,34.9,,
26.525,1380,37.1,,
26.540,1369,37.0,,
26.555,1317,36.3,,
26.570,1092,33.0,,
26.585,930,30.5,,
26.600,729,27.0,,
26.615,546,23.4,,
26.630,522,22.8,,
26.645,465,21.6,,
26.660,423,20.6,,
26.675,403,20.1,,
26.690,399,20.0,,
26.705,323,18.0,,
26.720,290,17.0,,
26.735,252,15.9,,
26.750,227,15.1,,
26.765,190,13.8,,
26.780,207,14.4,,
26.795,171,13.1,,
26.810,192,13.9,,
26.825,210,14.5,,
26.840,155,12.4,,
26.855,181,13.5,,
26.870,203,14.2,,
26.885,174,13.2,,
26.900,168,13.0,,
26.915,193,13.9,,
26.930,188,13.7,,
26.945,180,13.4,,
26.960,181,13.5,,
26.975,187,13.7,,
26.990,187,13.7,,
27.005,204,14.3,,
27.020,178,13.3,,
27.035,176,13.3,,
27.050,185,13.6,,
27.065,181,13.5,,
27.080,191,13.8,,
27.095,154,12.4,,
27.110,149,12.2,,
27.125,170,13.0,,
27.140,191,13.8,,
27.155,170,13.0,,
27.170,169,13.0,,
27.185,158,12.6,,
27.200,174,13.2,,
27.215,180,13.4,,
27.230,163,12.8,,
27.245,159,12.6,,
27.260,166,12.9,,
27.275,173,13.2,,
27.290,174,13.2,,
27.305,165,12.8,,
27.320,165,12.8,,
27.335,169,13.0,,
27.350,154,12.4,,
27.365,163,12.8,,
27.380,163,12.8,,
27.395,165,12.8,,
27.410,165,12.8,,
27.425,160,12.6,,
27.440,148,12.2,,
27.455,159,12.6,,
27.470,164,12.8,,
27.485,170,13.0,,
27.500,173,13.2,,
27.515,156,12.5,,
27.530,174,13.2,,
27.545,172,13.1,,
27.560,178,13.3,,
27.575,157,12.5,,
27.590,159,12.6,,
27.605,164,12.8,,
27.620,176,13.3,,
27.635,172,13.1,,
27.650,181,13.5,,
27.665,168,13.0,,
27.680,177,13.3,,
27.695,173,13.2,,
27.710,183,13.5,,
27.725,188,13.7,,
27.740,191,13.8,,
27.755,188,13.7,,
27.770,168,13.0,,
27.785,166,12.9,,
27.800,169,13.0,,
27.815,170,13.0,,
27.830,179,13.4,,
27.845,190,13.8,,
27.860,172,13.1,,
27.875,191,13.8,,
27.890,194,13.9,,
27.905,199,14.1,,
27.920,237,15.4,,
27.935,231,15.2,,
27.950,274,16.6,,
27.965,360,19.0,,
27.980,425,20.6,,
27.995,515,22.7,,
28.010,567,23.8,,
28.025,685,26.2,,
28.040,703,26.5,,
28.055,669,25.9,,
28.070,620,24.9,,
28.085,551,23.5,,
28.100,441,21.0,,
28.115,372,19.3,,
28.130,289,17.0,,
28.145,254,15.9,,
28.160,199,14.1,,
28.175,202,14.2,,
28.190,185,13.6,,
28.205,177,13.3,,
28.220,143,12.0,,
28.235,160,12.6,,
28.250,186,13.6,,
28.265,174,13.2,,
28.280,161,12.7,,
28.295,170,13.0,,
28.310,175,13.2,,
28.325,191,13.8,,
28.340,174,13.2,,
28.355,158,12.6,,
28.370,163,12.8,,
28.385,169,13.0,,
28.400,166,12.9,,
28.415,178,13.3,,
28.430,183,13.5,,
28.445,172,13.1,,
28.460,168,13.0,,
28.475,170,13.0,,
28.490,155,12.4,,
28.505,160,12.6,,
28.520,146,12.1,,
28.535,161,12.7,,
28.550,159,12.6,,
28.565,163,12.8,,
28.580,173,13.2,,
28.595,161,12.7,,
28.610,164,12.8,,
28.625,189,13.7,,
28.640,170,13.0,,
28.655,159,12.6,,
28.670,159,12.6,,
28.685,171,13.1,,
28.700,175,13.2,,
28.715,156,12.5,,
28.730,164,12.8,,
28.745,167,12.9,,
28.760,197,14.0,,
28.775,181,13.5,,
28.790,174,13.2,,
28.805,157,12.5,,
28.820,183,13.5,,
28.835,165,12.8,,
28.850,156,12.5,,
28.865,150,12.2,,
28.880,165,12.8,,
28.895,160,12.6,,
28.910,149,12.2,,
28.925,152,12.3,,
28.940,168,13.0,,
28.955,166,12.9,,
28.970,160,12.6,,
28.985,161,12.7,,
29.000,156,12.5,,
29.015,153,12.4,,
29.030,146,12.1,,
29.045,168,13.0,,
29.060,160,12.6,,
29.075,173,13.2,,
29.090,163,12.8,,
29.105,146,12.1,,
29.120,145,12.0,,
29.135,143,12.0,,
29.150,163,12.8,,
29.165,143,12.0,,
29.180,135,11.6,,
29.195,148,12.2,,
29.210,166,12.9,,
29.225,180,13.4,,
29.240,162,12.7,,
29.255,159,12.6,,
29.270,166,12.9,,
29.285,141,11.9,,
29.300,157,12.5,,
29.315,183,13.5,,
29.330,155,12.4,,
29.345,154,12.4,,
29.360,170,13.0,,
29.375,182,13.5,,
29.390,185,13.6,,
29.405,175,13.2,,
29.420,185,13.6,,
29.435,195,14.0,,
29.450,233,15.3,,
29.465,274,16.6,,
29.480,279,16.7,,
29.495,324,18.0,,
29.510,323,18.0,,
29.525,340,18.4,,
29.540,301,17.3,,
29.555,265,16.3,,
29.570,234,15.3,,
29.585,200,14.1,,
29.600,191,13.8,,
29.615,167,12.9,,
29.630,169,13.0,,
29.645,171,13.1,,
29.660,168,13.0,,
29.675,156,12.5,,
29.690,170,13.0,,
29.705,150,12.2,,
29.720,166,12.9,,
29.735,172,13.1,,
29.750,166,12.9,,
29.765,159,12.6,,
29.780,164,12.8,,
29.795,159,12.6,,
29.810,155,12.4,,
29.825,160,12.6,,
29.840,164,12.8,,
29.855,162,12.7,,
29.870,152,12.3,,
29.885,131,11.4,,
29.900,151,12.3,,
29.915,140,11.8,,
29.930,146,12.1,,
29.945,160,12.6,,
29.960,160,12.6,,
29.975,150,12.2,,
29.990,148,12.2,,
30.005,147,12.1,,
30.020,162,12.7,,
30.035,146,12.1,,
30.050,155,12.4,,
30.065,155,12.4,,
30.080,155,12.4,,
30.095,161,12.7,,
30.110,160,12.6,,
30.125,146,12.1,,
30.140,142,11.9,,
30.155,159,12.6,,
30.170,149,12.2,,
30.185,152,12.3,,
30.200,169,13.0,,
30.215,164,12.8,,
30.230,179,13.4,,
30.245,186,13.6,,
30.260,180,13.4,,
30.275,171,13.1,,
30.290,158,12.6,,
30.305,152,12.3,,
30.320,163,12.8,,
30.335,163,12.8,,
30.350,161,12.7,,
30.365,167,12.9,,
30.380,175,13.2,,
30.395,177,13.3,,
30.410,155,12.4,,
30.425,163,12.8,,
30.440,192,13.9,,
30.455,202,14.2,,
30.470,172,13.1,,
30.485,185,13.6,,
30.500,198,14.1,,
30.515,185,13.6,,
30.530,199,14.1,,
30.545,205,14.3,,
30.560,235,15.3,,
30.575,284,16.9,,
30.590,259,16.1,,
30.605,318,17.8,,
30.620,391,19.8,,
30.635,449,21.2,,
30.650,613,24.8,,
30.665,805,28.4,,
30.680,1072,32.7,,
30.695,1374,37.1,,
30.710,1923,43.9,,
30.725,2461,49.6,,
30.740,3052,55.2,,
30.755,3554,59.6,,
30.770,3833,61.9,,
30.785,3653,60.4,,
30.800,3250,57.0,,
30.815,2518,50.2,,
30.830,1795,42.4,,
30.845,1262,35.5,,
30.860,931,30.5,,
30.875,674,26.0,,
30.890,517,22.7,,
30.905,409,20.2,,
30.920,363,19.1,,
30.935,301,17.3,,
30.950,250,15.8,,
30.965,245,15.7,,
30.980,209,14.5,,
30.995,203,14.2,,
31.010,190,13.8,,
31.025,177,13.3,,
31.040,190,13.8,,
31.055,187,13.7,,
31.070,173,13.2,,
31.085,171,13.1,,
31.100,177,13.3,,
31.115,171,13.1,,
31.130,142,11.9,,
31.145,140,11.8,,
31.160,171,13.1,,
31.175,146,12.1,,
31.190,139,11.8,,
31.205,146,12.1,,
31.220,166,12.9,,
31.235,167,12.9,,
31.250,165,12.8,,
31.265,175,13.2,,
31.280,144,12.0,,
31.295,154,12.4,,
31.310,172,13.1,,
31.325,147,12.1,,
31.340,166,12.9,,
31.355,162,12.7,,
31.370,150,12.2,,
31.385,137,11.7,,
31.400,141,11.9,,
31.415,152,12.3,,
31.430,123,11.1,,
31.445,151,12.3,,
31.460,166,12.9,,
31.475,155,12.4,,
31.490,150,12.2,,
31.505,164,12.8,,
31.520,152,12.3,,
31.535,169,13.0,,
31.550,152,12.3,,
31.565,140,11.8,,
31.580,144,12.0,,
31.595,143,12.0,,
31.610,150,12.2,,
31.625,143,12.0,,
31.640,136,11.7,,
31.655,129,11.4,,
31.670,149,12.2,,
31.685,153,12.4,,
31.700,146,12.1,,
31.715,137,11.7,,
31.730,139,11.8,,
31.745,156,12.5,,
31.760,151,12.3,,
31.775,145,12.0,,
31.790,145,12.0,,
31.805,140,11.8,,
31.820,126,11.2,,
31.835,129,11.4,,
31.850,145,12.0,,
31.865,147,12.1,,
31.880,142,11.9,,
31.895,138,11.7,,
31.910,154,12.4,,
31.925,132,11.5,,
31.940,143,12.0,,
31.955,143,12.0,,
31.970,125,11.2,,
31.985,132,11.5,,
32.000,135,11.6,,
32.015,166,12.9,,
32.030,147,12.1,,
32.045,121,11.0,,
32.060,125,11.2,,
32.075,133,11.5,,
32.090,143,12.0,,
32.105,141,11.9,,
32.120,143,12.0,,
32.135,132,11.5,,
32.150,133,11.5,,
32.165,129,11.4,,
32.180,133,11.5,,
32.195,141,11.9,,
32.210,146,12.1,,
32.225,138,11.7,,
32.240,141,11.9,,
32.255,164,12.8,,
32.270,127,11.3,,
32.285,143,12.0,,
32.300,150,12.2,,
32.315,133,11.5,,
32.330,129,11.4,,
32.345,134,11.6,,
32.360,134,11.6,,
32.375,127,11.3,,
32.390,138,11.7,,
32.405,141,11.9,,
32.420,125,11.2,,
32.435,132,11.5,,
32.450,145,12.0,,
32.465,121,11.0,,
32.480,133,11.5,,
32.495,137,11.7,,
32.510,132,11.5,,
32.525,137,11.7,,
32.540,145,12.0,,
32.555,159,12.6,,
32.570,153,12.4,,
32.585,146,12.1,,
32.600,142,11.9,,
32.615,141,11.9,,
32.630,123,11.1,,
32.645,138,11.7,,
32.660,142,11.9,,
32.675,131,11.4,,
32.690,131,11.4,,
32.705,138,11.7,,
32.720,119,10.9,,
32.735,117,10.8,,
32.750,119,10.9,,
32.765,125,11.2,,
32.780,129,11.4,,
32.795,150,12.2,,
32.810,130,11.4,,
32.825,132,11.5,,
32.840,136,11.7,,
32.855,126,11.2,,
32.870,142,11.9,,
32.885,155,12.4,,
32.900,159,12.6,,
32.915,157,12.5,,
32.930,144,12.0,,
32.945,152,12.3,,
32.960,144,12.0,,
32.975,144,12.0,,
32.990,135,11.6,,
33.005,140,11.8,,
33.020,144,12.0,,
33.035,153,12.4,,
33.050,147,12.1,,
33.065,136,11.7,,
33.080,143,12.0,,
33.095,140,11.8,,
33.110,149,12.2,,
33.125,165,12.8,,
33.140,171,13.1,,
33.155,204,14.3,,
33.170,214,14.6,,
33.185,228,15.1,,
33.200,253,15.9,,
33.215,274,16.6,,
33.230,293,17.1,,
33.245,299,17.3,,
33.260,314,17.7,,
33.275,286,16.9,,
33.290,258,16.1,,
33.305,228,15.1,,
33.320,200,14.1,,
33.335,181,13.5,,
33.350,148,12.2,,
33.365,168,13.0,,
33.380,178,13.3,,
33.395,162,12.7,,
33.410,146,12.1,,
33.425,145,12.0,,
33.440,161,12.7,,
33.455,145,12.0,,
33.470,148,12.2,,
33.485,130,11.4,,
33.500,140,11.8,,
33.515,119,10.9,,
33.530,139,11.8,,
33.545,141,11.9,,
33.560,138,11.7,,
33.575,137,11.7,,
33.590,133,11.5,,
33.605,129,11.4,,
33.620,141,11.9,,
33.635,142,11.9,,
33.650,136,11.7,,
33.665,131,11.4,,
33.680,144,12.0,,
33.695,134,11.6,,
33.710,129,11.4,,
33.725,128,11.3,,
33.740,149,12.2,,
33.755,136,11.7,,
33.770,130,11.4,,
33.785,133,11.5,,
33.800,130,11.4,,
33.815,153,12.4,,
33.830,142,11.9,,
33.845,144,12.0,,
33.860,143,12.0,,
33.875,145,12.0,,
33.890,142,11.9,,
33.905,144,12.0,,
33.920,127,11.3,,
33.935,138,11.7,,
33.950,136,11.7,,
33.965,148,12.2,,
33.980,138,11.7,,
33.995,149,12.2,,
34.010,150,12.2,,
34.025,158,12.6,,
34.040,155,12.4,,
34.055,159,12.6,,
34.070,158,12.6,,
34.085,155,12.4,,
34.100,141,11.9,,
34.115,156,12.5,,
34.130,167,12.9,,
34.145,181,13.5,,
34.160,181,13.5,,
34.175,171,13.1,,
34.190,183,13.5,,
34.205,194,13.9,,
34.220,200,14.1,,
34.235,192,13.9,,
34.250,243,15.6,,
34.265,251,15.8,,
34.280,294,17.1,,
34.295,350,18.7,,
34.310,423,20.6,,
34.325,467,21.6,,
34.340,629,25.1,,
34.355,789,28.1,,
34.370,1014,31.8,,
34.385,1248,35.3,,
34.400,1547,39.3,,
34.415,1836,42.8,,
34.430,2165,46.5,,
34.445,2418,49.2,,
34.460,2595,50.9,,
34.475,2538,50.4,,
34.490,2347,48.4,,
34.505,2147,46.3,,
34.520,2008,44.8,,
34.535,1928,43.9,,
34.550,1821,42.7,,
34.565,1638,40.5,,
34.580,1490,38.6,,
34.595,1221,34.9,,
34.610,938,30.6,,
34.625,756,27.5,,
34.640,553,23.5,,
34.655,464,21.5,,
34.670,386,19.6,,
34.685,309,17.6,,
34.700,259,16.1,,
34.715,221,14.9,,
34.730,211,14.5,,
34.745,196,14.0,,
34.760,177,13.3,,
34.775,170,13.0,,
34.790,182,13.5,,
34.805,157,12.5,,
34.820,128,11.3,,
34.835,155,12.4,,
34.850,161,12.7,,
34.865,161,12.7,,
34.880,143,12.0,,
34.895,138,11.7,,
34.910,153,12.4,,
34.925,144,12.0,,
34.940,123,11.1,,
34.955,121,11.0,,
34.970,136,11.7,,
34.985,156,12.5,,
35.000,113,10.6,,
35.015,133,11.5,,
35.030,152,12.3,,
35.045,146,12.1,,
35.060,134,11.6,,
35.075,135,11.6,,
35.090,138,11.7,,
35.105,128,11.3,,
35.120,118,10.9,,
35.135,119,10.9,,
35.150,126,11.2,,
35.165,127,11.3,,
35.180,120,11.0,,
35.195,115,10.7,,
35.210,127,11.3,,
35.225,136,11.7,,
35.240,116,10.8,,
35.255,122,11.0,,
35.270,119,10.9,,
35.285,123,11.1,,
35.300,136,11.7,,
35.315,153,12.4,,
35.330,115,10.7,,
35.345,118,10.9,,
35.360,111,10.5,,
35.375,112,10.6,,
35.390,114,10.7,,
35.405,130,11.4,,
35.420,124,11.1,,
35.435,123,11.1,,
35.450,119,10.9,,
35.465,115,10.7,,
35.480,121,11.0,,
35.495,113,10.6,,
35.510,96,9.8,,
35.525,127,11.3,,
35.540,128,11.3,,
35.555,136,11.7,,
35.570,129,11.4,,
35.585,132,11.5,,
35.600,132,11.5,,
35.615,132,11.5,,
35.630,124,11.1,,
35.645,122,11.0,,
35.660,120,11.0,,
35.675,134,11.6,,
35.690,128,11.3,,
35.705,119,10.9,,
35.720,110,10.5,,
35.735,129,11.4,,
35.750,138,11.7,,
35.765,131,11.4,,
35.780,135,11.6,,
35.795,119,10.9,,
35.810,110,10.5,,
35.825,104,10.2,,
35.840,123,11.1,,
35.855,124,11.1,,
35.870,121,11.0,,
35.885,109,10.4,,
35.900,121,11.0,,
35.915,115,10.7,,
35.930,99,9.9,,
35.945,102,10.1,,
35.960,117,10.8,,
35.975,117,10.8,,
35.990,122,11.0,,
36.005,115,10.7,,
36.020,107,10.3,,
36.035,98,9.9,,
36.050,97,9.8,,
36.065,110,10.5,,
36.080,113,10.6,,
36.095,110,10.5,,
36.110,118,10.9,,
36.125,130,11.4,,
36.140,113,10.6,,
36.155,100,10.0,,
36.170,119,10.9,,
36.185,108,10.4,,
36.200,114,10.7,,
36.215,111,10.5,,
36.230,109,10.4,,
36.245,108,10.4,,
36.260,121,11.0,,
36.275,122,11.0,,
36.290,117,10.8,,
36.305,105,10.2,,
36.320,110,10.5,,
36.335,118,10.9,,
36.350,118,10.9,,
36.365,102,10.1,,
36.380,107,10.3,,
36.395,126,11.2,,
36.410,130,11.4,,
36.425,114,10.7,,
36.440,101,10.0,,
36.455,120,11.0,,
36.470,119,10.9,,
36.485,95,9.7,,
36.500,100,10.0,,
36.515,106,10.3,,
36.530,107,10.3,,
36.545,116,10.8,,
36.560,112,10.6,,
36.575,102,10.1,,
36.590,128,11.3,,
36.605,113,10.6,,
36.620,96,9.8,,
36.635,116,10.8,,
36.650,133,11.5,,
36.665,128,11.3,,
36.680,108,10.4,,
36.695,125,11.2,,
36.710,117,10.8,,
36.725,105,10.2,,
36.740,123,11.1,,
36.755,132,11.5,,
36.770,148,12.2,,
36.785,176,13.3,,
36.800,172,13.1,,
36.815,191,13.8,,
36.830,213,14.6,,
36.845,224,15.0,,
36.860,215,14.7,,
36.875,220,14.8,,
36.890,221,14.9,,
36.905,191,13.8,,
36.920,153,12.4,,
36.935,152,12.3,,
36.950,132,11.5,,
36.965,138,11.7,,
36.980,117,10.8,,
36.995,110,10.5,,
37.010,91,9.5,,
37.025,104,10.2,,
37.040,106,10.3,,
37.055,106,10.3,,
37.070,117,10.8,,
37.085,105,10.2,,
37.100,102,10.1,,
37.115,115,10.7,,
37.130,104,10.2,,
37.145,97,9.8,,
37.160,107,10.3,,
37.175,108,10.4,,
37.190,114,10.7,,
37.205,118,10.9,,
37.220,118,10.9,,
37.235,104,10.2,,
37.250,107,10.3,,
37.265,96,9.8,,
37.280,94,9.7,,
37.295,78,8.8,,
37.310,100,10.0,,
37.325,107,10.3,,
37.340,94,9.7,,
37.355,109,10.4,,
37.370,91,9.5,,
37.385,100,10.0,,
37.400,93,9.6,,
37.415,92,9.6,,
37.430,106,10.3,,
37.445,108,10.4,,
37.460,105,10.2,,
37.475,107,10.3,,
37.490,103,10.1,,
37.505,103,10.1,,
37.520,122,11.0,,
37.535,116,10.8,,
37.550,113,10.6,,
37.565,101,10.0,,
37.580,103,10.1,,
37.595,99,9.9,,
37.610,110,10.5,,
37.625,111,10.5,,
37.640,113,10.6,,
37.655,112,10.6,,
37.670,111,10.5,,
37.685,123,11.1,,
37.700,143,12.0,,
37.715,154,12.4,,
37.730,163,12.8,,
37.745,164,12.8,,
37.760,202,14.2,,
37.775,244,15.6,,
37.790,260,16.1,,
37.805,302,17.4,,
37.820,372,19.3,,
37.835,423,20.6,,
37.850,458,21.4,,
37.865,500,22.4,,
37.880,490,22.1,,
37.895,502,22.4,,
37.910,508,22.5,,
37.925,453,21.3,,
37.940,398,19.9,,
37.955,346,18.6,,
37.970,315,17.7,,
37.985,308,17.5,,
38.000,313,17.7,,
38.015,312,17.7,,
38.030,267,16.3,,
38.045,270,16.4,,
38.060,267,16.3,,
38.075,240,15.5,,
38.090,224,15.0,,
38.105,191,13.8,,
38.120,173,13.2,,
38.135,137,11.7,,
38.150,119,10.9,,
38.165,129,11.4,,
38.180,113,10.6,,
38.195,107,10.3,,
38.210,116,10.8,,
38.225,108,10.4,,
38.240,114,10.7,,
38.255,113,10.6,,
38.270,114,10.7,,
38.285,118,10.9,,
38.300,102,10.1,,
38.315,113,10.6,,
38.330,105,10.2,,
38.345,92,9.6,,
38.360,102,10.1,,
38.375,112,10.6,,
38.390,102,10.1,,
38.405,117,10.8,,
38.420,101,10.0,,
38.435,107,10.3,,
38.450,102,10.1,,
38.465,108,10.4,,
38.480,101,10.0,,
38.495,100,10.0,,
38.510,100,10.0,,
38.525,89,9.4,,
38.540,108,10.4,,
38.555,114,10.7,,
38.570,107,10.3,,
38.585,95,9.7,,
38.600,94,9.7,,
38.615,93,9.6,,
38.630,101,10.0,,
38.645,100,10.0,,
38.660,114,10.7,,
38.675,107,10.3,,
38.690,110,10.5,,
38.705,107,10.3,,
38.720,107,10.3,,
38.735,114,10.7,,
38.750,108,10.4,,
38.765,98,9.9,,
38.780,130,11.4,,
38.795,133,11.5,,
38.810,116,10.8,,
38.825,125,11.2,,
38.840,145,12.0,,
38.855,143,12.0,,
38.870,184,13.6,,
38.885,218,14.8,,
38.900,206,14.4,,
38.915,235,15.3,,
38.930,241,15.5,,
38.945,252,15.9,,
38.960,230,15.2,,
38.975,193,13.9,,
38.990,201,14.2,,
39.005,177,13.3,,
39.020,146,12.1,,
39.035,136,11.7,,
39.050,134,11.6,,
39.065,134,11.6,,
39.080,114,10.7,,
39.095,125,11.2,,
39.110,105,10.2,,
39.125,108,10.4,,
39.140,94,9.7,,
39.155,90,9.5,,
39.170,92,9.6,,
39.185,96,9.8,,
39.200,105,10.2,,
39.215,87,9.3,,
39.230,107,10.3,,
39.245,100,10.0,,
39.260,98,9.9,,
39.275,92,9.6,,
39.290,105,10.2,,
39.305,102,10.1,,
39.320,94,9.7,,
39.335,102,10.1,,
39.350,96,9.8,,
39.365,93,9.6,,
39.380,90,9.5,,
39.395,116,10.8,,
39.410,106,10.3,,
39.425,95,9.7,,
39.440,91,9.5,,
39.455,99,9.9,,
39.470,103,10.1,,
39.485,107,10.3,,
39.500,87,9.3,,
39.515,83,9.1,,
39.530,93,9.6,,
39.545,91,9.5,,
39.560,94,9.7,,
39.575,92,9.6,,
39.590,95,9.7,,
39.605,86,9.3,,
39.620,92,9.6,,
39.635,103,10.1,,
39.650,97,9.8,,
39.665,87,9.3,,
39.680,105,10.2,,
39.695,104,10.2,,
39.710,107,10.3,,
39.725,112,10.6,,
39.740,104,10.2,,
39.755,111,10.5,,
39.770,104,10.2,,
39.785,82,9.1,,
39.800,89,9.4,,
39.815,89,9.4,,
39.830,94,9.7,,
39.845,103,10.1,,
39.860,96,9.8,,
39.875,96,9.8,,
39.890,95,9.7,,
39.905,91,9.5,,
39.920,88,9.4,,
39.935,79,8.9,,
39.950,88,9.4,,
39.965,96,9.8,,
39.980,87,9.3,,
39.995,97,9.8,,
40.010,105,10.2,,
40.025,103,10.1,,
40.040,97,9.8,,
40.055,89,9.4,,
40.070,98,9.9,,
40.085,115,10.7,,
40.100,97,9.8,,
40.115,101,10.0,,
40.130,100,10.0,,
40.145,93,9.6,,
40.160,91,9.5,,
40.175,93,9.6,,
40.190,83,9.1,,
40.205,95,9.7,,
40.220,99,9.9,,
40.235,102,10.1,,
40.250,107,10.3,,
40.265,102,10.1,,
40.280,99,9.9,,
40.295,101,10.0,,
40.310,104,10.2,,
40.325,87,9.3,,
40.340,85,9.2,,
40.355,102,10.1,,
40.370,96,9.8,,
40.385,88,9.4,,
40.400,99,9.9,,
40.415,98,9.9,,
40.430,95,9.7,,
40.445,101,10.0,,
40.460,89,9.4,,
40.475,90,9.5,,
40.490,94,9.7,,
40.505,105,10.2,,
40.520,104,10.2,,
40.535,90,9.5,,
40.550,99,9.9,,
40.565,87,9.3,,
40.580,94,9.7,,
40.595,93,9.6,,
40.610,105,10.2,,
40.625,94,9.7,,
40.640,102,10.1,,
40.655,91,9.5,,
40.670,93,9.6,,
40.685,96,9.8,,
40.700,112,10.6,,
40.715,107,10.3,,
40.730,94,9.7,,
40.745,87,9.3,,
40.760,91,9.5,,
40.775,93,9.6,,
40.790,95,9.7,,
40.805,111,10.5,,
40.820,120,11.0,,
40.835,99,9.9,,
40.850,87,9.3,,
40.865,91,9.5,,
40.880,87,9.3,,
40.895,92,9.6,,
40.910,101,10.0,,
40.925,102,10.1,,
40.940,106,10.3,,
40.955,102,10.1,,
40.970,88,9.4,,
40.985,90,9.5,,
41.000,105,10.2,,
41.015,93,9.6,,
41.030,101,10.0,,
41.045,92,9.6,,
41.060,88,9.4,,
41.075,87,9.3,,
41.090,87,9.3,,
41.105,101,10.0,,
41.120,108,10.4,,
41.135,107,10.3,,
41.150,113,10.6,,
41.165,95,9.7,,
41.180,95,9.7,,
41.195,98,9.9,,
41.210,88,9.4,,
41.225,92,9.6,,
41.240,100,10.0,,
41.255,108,10.4,,
41.270,106,10.3,,
41.285,79,8.9,,
41.300,74,8.6,,
41.315,111,10.5,,
41.330,102,10.1,,
41.345,107,10.3,,
41.360,99,9.9,,
41.375,96,9.8,,
41.390,101,10.0,,
41.405,113,10.6,,
41.420,94,9.7,,
41.435,87,9.3,,
41.450,101,10.0,,
41.465,109,10.4,,
41.480,94,9.7,,
41.495,86,9.3,,
41.510,95,9.7,,
41.525,88,9.4,,
41.540,90,9.5,,
41.555,97,9.8,,
41.570,92,9.6,,
41.585,88,9.4,,
41.600,103,10.1,,
41.615,106,10.3,,
41.630,101,10.0,,
41.645,88,9.4,,
41.660,92,9.6,,
41.675,97,9.8,,
41.690,98,9.9,,
41.705,106,10.3,,
41.720,97,9.8,,
41.735,95,9.7,,
41.750,77,8.8,,
41.765,89,9.4,,
41.780,108,10.4,,
41.795,108,10.4,,
41.810,101,10.0,,
41.825,106,10.3,,
41.840,109,10.4,,
41.855,118,10.9,,
41.870,119,10.9,,
41.885,102,10.1,,
41.900,117,10.8,,
41.915,120,11.0,,
41.930,107,10.3,,
41.945,138,11.7,,
41.960,150,12.2,,
41.975,164,12.8,,
41.990,180,13.4,,
42.005,180,13.4,,
42.020,203,14.2,,
42.035,224,15.0,,
42.050,261,16.2,,
42.065,268,16.4,,
42.080,237,15.4,,
42.095,247,15.7,,
42.110,233,15.3,,
42.125,196,14.0,,
42.140,184,13.6,,
42.155,173,13.2,,
42.170,161,12.7,,
42.185,163,12.8,,
42.200,144,12.0,,
42.215,140,11.8,,
42.230,119,10.9,,
42.245,123,11.1,,
42.260,113,10.6,,
42.275,118,10.9,,
42.290,114,10.7,,
42.305,107,10.3,,
42.320,110,10.5,,
42.335,105,10.2,,
42.350,97,9.8,,
42.365,99,9.9,,
42.380,110,10.5,,
42.395,99,9.9,,
42.410,100,10.0,,
42.425,112,10.6,,
42.440,99,9.9,,
42.455,109,10.4,,
42.470,107,10.3,,
42.485,107,10.3,,
42.500,102,10.1,,
42.515,97,9.8,,
42.530,93,9.6,,
42.545,98,9.9,,
42.560,101,10.0,,
42.575,101,10.0,,
42.590,107,10.3,,
42.605,106,10.3,,
42.620,98,9.9,,
42.635,110,10.5,,
42.650,126,11.2,,
42.665,92,9.6,,
42.680,113,10.6,,
42.695,115,10.7,,
42.710,106,10.3,,
42.725,121,11.0,,
42.740,113,10.6,,
42.755,111,10.5,,
42.770,111,10.5,,
42.785,103,10.1,,
42.800,98,9.9,,
42.815,110,10.5,,
42.830,109,10.4,,
42.845,113,10.6,,
42.860,113,10.6,,
42.875,116,10.8,,
42.890,131,11.4,,
42.905,120,11.0,,
42.920,123,11.1,,
42.935,137,11.7,,
42.950,127,11.3,,
42.965,165,12.8,,
42.980,144,12.0,,
42.995,167,12.9,,
43.010,177,13.3,,
43.025,189,13.7,,
43.040,203,14.2,,
43.055,241,15.5,,
43.070,261,16.2,,
43.085,309,17.6,,
43.100,324,18.0,,
43.115,343,18.5,,
43.130,309,17.6,,
43.145,280,16.7,,
43.160,285,16.9,,
43.175,227,15.1,,
43.190,173,13.2,,
43.205,181,13.5,,
43.220,154,12.4,,
43.235,168,13.0,,
43.250,141,11.9,,
43.265,138,11.7,,
43.280,114,10.7,,
43.295,122,11.0,,
43.310,98,9.9,,
43.325,129,11.4,,
43.340,124,11.1,,
43.355,102,10.1,,
43.370,119,10.9,,
43.385,119,10.9,,
43.400,133,11.5,,
43.415,126,11.2,,
43.430,117,10.8,,
43.445,131,11.4,,
43.460,124,11.1,,
43.475,117,10.8,,
43.490,113,10.6,,
43.505,116,10.8,,
43.520,118,10.9,,
43.535,111,10.5,,
43.550,128,11.3,,
43.565,128,11.3,,
43.580,127,11.3,,
43.595,142,11.9,,
43.610,128,11.3,,
43.625,114,10.7,,
43.640,119,10.9,,
43.655,131,11.4,,
43.670,148,12.2,,
43.685,136,11.7,,
43.700,142,11.9,,
43.715,166,12.9,,
43.730,180,13.4,,
43.745,193,13.9,,
43.760,201,14.2,,
43.775,212,14.6,,
43.790,236,15.4,,
43.805,291,17.1,,
43.820,318,17.8,,
43.835,345,18.6,,
43.850,410,20.2,,
43.865,496,22.3,,
43.880,598,24.5,,
43.895,691,26.3,,
43.910,815,28.5,,
43.925,992,31.5,,
43.940,1131,33.6,,
43.955,1330,36.5,,
43.970,1412,37.6,,
43.985,1497,38.7,,
44.000,1467,38.3,,
44.015,1368,37.0,,
44.030,1272,35.7,,
44.045,1185,34.4,,
44.060,1032,32.1,,
44.075,963,31.0,,
44.090,876,29.6,,
44.105,872,29.5,,
44.120,895,29.9,,
44.135,932,30.5,,
44.150,926,30.4,,
44.165,886,29.8,,
44.180,819,28.6,,
44.195,721,26.9,,
44.210,620,24.9,,
44.225,508,22.5,,
44.240,410,20.2,,
44.255,348,18.7,,
44.270,299,17.3,,
44.285,248,15.7,,
44.300,211,14.5,,
44.315,188,13.7,,
44.330,175,13.2,,
44.345,182,13.5,,
44.360,159,12.6,,
44.375,167,12.9,,
44.390,148,12.2,,
44.405,145,12.0,,
44.420,153,12.4,,
44.435,136,11.7,,
44.450,153,12.4,,
44.465,143,12.0,,
44.480,119,10.9,,
44.495,131,11.4,,
44.510,142,11.9,,
44.525,136,11.7,,
44.540,135,11.6,,
44.555,135,11.6,,
44.570,124,11.1,,
44.585,120,11.0,,
44.600,124,11.1,,
44.615,110,10.5,,
44.630,124,11.1,,
44.645,122,11.0,,
44.660,140,11.8,,
44.675,134,11.6,,
44.690,119,10.9,,
44.705,133,11.5,,
44.720,115,10.7,,
44.735,121,11.0,,
44.750,116,10.8,,
44.765,121,11.0,,
44.780,118,10.9,,
44.795,125,11.2,,
44.810,135,11.6,,
44.825,144,12.0,,
44.840,154,12.4,,
44.855,147,12.1,,
44.870,154,12.4,,
44.885,162,12.7,,
44.900,145,12.0,,
44.915,167,12.9,,
44.930,180,13.4,,
44.945,156,12.5,,
44.960,138,11.7,,
44.975,150,12.2,,
44.990,155,12.4,,
45.005,150,12.2,,
45.020,151,12.3,,
45.035,139,11.8,,
45.050,148,12.2,,
45.065,139,11.8,,
45.080,138,11.7,,
45.095,108,10.4,,
45.110,125,11.2,,
45.125,118,10.9,,
45.140,128,11.3,,
45.155,137,11.7,,
45.170,138,11.7,,
45.185,133,11.5,,
45.200,132,11.5,,
45.215,132,11.5,,
45.230,134,11.6,,
45.245,112,10.6,,
45.260,109,10.4,,
45.275,115,10.7,,
45.290,115,10.7,,
45.305,105,10.2,,
45.320,111,10.5,,
45.335,114,10.7,,
45.350,120,11.0,,
45.365,119,10.9,,
45.380,115,10.7,,
45.395,108,10.4,,
45.410,107,10.3,,
45.425,107,10.3,,
45.440,104,10.2,,
45.455,111,10.5,,
45.470,114,10.7,,
45.485,125,11.2,,
45.500,121,11.0,,
45.515,125,11.2,,
45.530,109,10.4,,
45.545,122,11.0,,
45.560,120,11.0,,
45.575,129,11.4,,
45.590,111,10.5,,
45.605,112,10.6,,
45.620,99,9.9,,
45.635,120,11.0,,
45.650,129,11.4,,
45.665,125,11.2,,
45.680,132,11.5,,
45.695,121,11.0,,
45.710,120,11.0,,
45.725,144,12.0,,
45.740,124,11.1,,
45.755,152,12.3,,
45.770,168,13.0,,
45.785,179,13.4,,
45.800,176,13.3,,
45.815,188,13.7,,
45.830,190,13.8,,
45.845,204,14.3,,
45.860,206,14.4,,
45.875,238,15.4,,
45.890,217,14.7,,
45.905,208,14.4,,
45.920,230,15.2,,
45.935,184,13.6,,
45.950,174,13.2,,
45.965,175,13.2,,
45.980,151,12.3,,
45.995,147,12.1,,
46.010,148,12.2,,
46.025,152,12.3,,
46.040,146,12.1,,
46.055,133,11.5,,
46.070,124,11.1,,
46.085,120,11.0,,
46.100,109,10.4,,
46.115,115,10.7,,
46.130,135,11.6,,
46.145,125,11.2,,
46.160,113,10.6,,
46.175,109,10.4,,
46.190,98,9.9,,
46.205,103,10.1,,
46.220,125,11.2,,
46.235,123,11.1,,
46.250,126,11.2,,
46.265,116,10.8,,
46.280,113,10.6,,
46.295,124,11.1,,
46.310,117,10.8,,
46.325,129,11.4,,
46.340,118,10.9,,
46.355,119,10.9,,
46.370,147,12.1,,
46.385,130,11.4,,
46.400,110,10.5,,
46.415,125,11.2,,
46.430,103,10.1,,
46.445,109,10.4,,
46.460,121,11.0,,
46.475,127,11.3,,
46.490,115,10.7,,
46.505,119,10.9,,
46.520,131,11.4,,
46.535,138,11.7,,
46.550,148,12.2,,
46.565,148,12.2,,
46.580,154,12.4,,
46.595,179,13.4,,
46.610,183,13.5,,
46.625,189,13.7,,
46.640,229,15.1,,
46.655,240,15.5,,
46.670,268,16.4,,
46.685,293,17.1,,
46.700,374,19.3,,
46.715,452,21.3,,
46.730,500,22.4,,
46.745,588,24.2,,
46.760,658,25.7,,
46.775,801,28.3,,
46.790,889,29.8,,
46.805,976,31.2,,
46.820,995,31.5,,
46.835,989,31.4,,
46.850,1043,32.3,,
46.865,994,31.5,,
46.880,933,30.5,,
46.895,871,29.5,,
46.910,798,28.2,,
46.925,721,26.9,,
46.940,604,24.6,,
46.955,540,23.2,,
46.970,483,22.0,,
46.985,412,20.3,,
47.000,379,19.5,,
47.015,364,19.1,,
47.030,364,19.1,,
47.045,337,18.4,,
47.060,314,17.7,,
47.075,305,17.5,,
47.090,286,16.9,,
47.105,241,15.5,,
47.120,198,14.1,,
47.135,191,13.8,,
47.150,176,13.3,,
47.165,170,13.0,,
47.180,150,12.2,,
47.195,126,11.2,,
47.210,126,11.2,,
47.225,130,11.4,,
47.240,135,11.6,,
47.255,129,11.4,,
47.270,127,11.3,,
47.285,95,9.7,,
47.300,95,9.7,,
47.315,108,10.4,,
47.330,116,10.8,,
47.345,121,11.0,,
47.360,107,10.3,,
47.375,119,10.9,,
47.390,108,10.4,,
47.405,121,11.0,,
47.420,105,10.2,,
47.435,100,10.0,,
47.450,104,10.2,,
47.465,110,10.5,,
47.480,110,10.5,,
47.495,93,9.6,,
47.510,122,11.0,,
47.525,107,10.3,,
47.540,110,10.5,,
47.555,122,11.0,,
47.570,113,10.6,,
47.585,108,10.4,,
47.600,128,11.3,,
47.615,121,11.0,,
47.630,114,10.7,,
47.645,129,11.4,,
47.660,135,11.6,,
47.675,152,12.3,,
47.690,175,13.2,,
47.705,171,13.1,,
47.720,186,13.6,,
47.735,171,13.1,,
47.750,185,13.6,,
47.765,193,13.9,,
47.780,214,14.6,,
47.795,201,14.2,,
47.810,177,13.3,,
47.825,170,13.0,,
47.840,155,12.4,,
47.855,142,11.9,,
47.870,132,11.5,,
47.885,133,11.5,,
47.900,107,10.3,,
47.915,108,10.4,,
47.930,103,10.1,,
47.945,110,10.5,,
47.960,108,10.4,,
47.975,110,10.5,,
47.990,108,10.4,,
48.005,103,10.1,,
48.020,105,10.2,,
48.035,95,9.7,,
48.050,97,9.8,,
48.065,75,8.7,,
48.080,101,10.0,,
48.095,103,10.1,,
48.110,85,9.2,,
48.125,98,9.9,,
48.140,97,9.8,,
48.155,95,9.7,,
48.170,86,9.3,,
48.185,106,10.3,,
48.200,104,10.2,,
48.215,100,10.0,,
48.230,93,9.6,,
48.245,97,9.8,,
48.260,108,10.4,,
48.275,89,9.4,,
48.290,97,9.8,,
48.305,81,9.0,,
48.320,85,9.2,,
48.335,79,8.9,,
48.350,95,9.7,,
48.365,92,9.6,,
48.380,74,8.6,,
48.395,89,9.4,,
48.410,107,10.3,,
48.425,98,9.9,,
48.440,88,9.4,,
48.455,103,10.1,,
48.470,91,9.5,,
48.485,92,9.6,,
48.500,91,9.5,,
48.515,89,9.4,,
48.530,100,10.0,,
48.545,89,9.4,,
48.560,94,9.7,,
48.575,79,8.9,,
48.590,83,9.1,,
48.605,101,10.0,,
48.620,89,9.4,,
48.635,82,9.1,,
48.650,85,9.2,,
48.665,95,9.7,,
48.680,96,9.8,,
48.695,88,9.4,,
48.710,91,9.5,,
48.725,79,8.9,,
48.740,103,10.1,,
48.755,94,9.7,,
48.770,88,9.4,,
48.785,98,9.9,,
48.800,102,10.1,,
48.815,95,9.7,,
48.830,97,9.8,,
48.845,93,9.6,,
48.860,86,9.3,,
48.875,77,8.8,,
48.890,83,9.1,,
48.905,99,9.9,,
48.920,101,10.0,,
48.935,85,9.2,,
48.950,81,9.0,,
48.965,90,9.5,,
48.980,84,9.2,,
48.995,82,9.1,,
49.010,81,9.0,,
49.025,89,9.4,,
49.040,80,8.9,,
49.055,76,8.7,,
49.070,89,9.4,,
49.085,91,9.5,,
49.100,78,8.8,,
49.115,94,9.7,,
49.130,95,9.7,,
49.145,90,9.5,,
49.160,92,9.6,,
49.175,85,9.2,,
49.190,89,9.4,,
49.205,83,9.1,,
49.220,87,9.3,,
49.235,79,8.9,,
49.250,78,8.8,,
49.265,88,9.4,,
49.280,84,9.2,,
49.295,108,10.4,,
49.310,109,10.4,,
49.325,97,9.8,,
49.340,92,9.6,,
49.355,101,10.0,,
49.370,95,9.7,,
49.385,108,10.4,,
49.400,98,9.9,,
49.415,94,9.7,,
49.430,114,10.7,,
49.445,117,10.8,,
49.460,121,11.0,,
49.475,140,11.8,,
49.490,135,11.6,,
49.505,156,12.5,,
49.520,149,12.2,,
49.535,144,12.0,,
49.550,173,13.2,,
49.565,165,12.8,,
49.580,162,12.7,,
49.595,175,13.2,,
49.610,202,14.2,,
49.625,202,14.2,,
49.640,235,15.3,,
49.655,251,15.8,,
49.670,223,14.9,,
49.685,216,14.7,,
49.700,208,14.4,,
49.715,169,13.0,,
49.730,136,11.7,,
49.745,132,11.5,,
49.760,133,11.5,,
49.775,123,11.1,,
49.790,111,10.5,,
49.805,124,11.1,,
49.820,106,10.3,,
49.835,109,10.4,,
49.850,95,9.7,,
49.865,100,10.0,,
49.880,97,9.8,,
49.895,95,9.7,,
49.910,109,10.4,,
49.925,97,9.8,,
49.940,81,9.0,,
49.955,79,8.9,,
49.970,84,9.2,,
49.985,75,8.7,,
50.000,92,9.6,,
